year,month,tas
1884,1,5.0
1884,2,4.2
1884,3,5.1
1884,4,6.2
1884,5,9.7
1884,6,12.5
1884,7,14.5
1884,8,15.3
1884,9,13.0
1884,10,8.3
1884,11,4.6
1884,12,3.3
1885,1,2.0
1885,2,4.2
1885,3,3.5
1885,4,6.6
1885,5,7.6
1885,6,12.3
1885,7,14.5
1885,8,12.4
1885,9,10.9
1885,10,6.2
1885,11,4.8
1885,12,3.0
1886,1,1.1
1886,2,0.8
1886,3,2.9
1886,4,6.3
1886,5,8.8
1886,6,11.9
1886,7,14.2
1886,8,14.1
1886,9,12.0
1886,10,9.9
1886,11,5.7
1886,12,1.2
1887,1,2.1
1887,2,3.5
1887,3,3.3
1887,4,5.4
1887,5,8.7
1887,6,14.3
1887,7,15.6
1887,8,14.0
1887,9,10.6
1887,10,6.4
1887,11,3.9
1887,12,2.1
1888,1,2.8
1888,2,1.1
1888,3,2.1
1888,4,5.3
1888,5,9.2
1888,6,11.8
1888,7,12.3
1888,8,12.8
1888,9,11.2
1888,10,7.6
1888,11,6.5
1888,12,4.3
1889,1,3.0
1889,2,2.2
1889,3,3.8
1889,4,6.0
1889,5,11.4
1889,6,14.0
1889,7,13.6
1889,8,13.4
1889,9,11.5
1889,10,7.6
1889,11,6.1
1889,12,3.1
1890,1,4.8
1890,2,2.7
1890,3,5.0
1890,4,6.2
1890,5,10.5
1890,6,12.4
1890,7,13.0
1890,8,13.1
1890,9,13.6
1890,10,8.9
1890,11,5.0
1890,12,-0.1
1891,1,1.3
1891,2,4.4
1891,3,2.9
1891,4,5.1
1891,5,8.2
1891,6,13.2
1891,7,13.7
1891,8,13.0
1891,9,12.8
1891,10,8.4
1891,11,4.6
1891,12,3.5
1892,1,1.5
1892,2,2.5
1892,3,1.9
1892,4,6.2
1892,5,9.9
1892,6,11.7
1892,7,12.8
1892,8,13.6
1892,9,10.7
1892,10,6.0
1892,11,5.8
1892,12,1.4
1893,1,1.6
1893,2,3.6
1893,3,6.2
1893,4,8.9
1893,5,11.5
1893,6,14.1
1893,7,14.8
1893,8,15.8
1893,9,11.6
1893,10,8.7
1893,11,4.1
1893,12,4.1
1894,1,2.4
1894,2,3.8
1894,3,5.6
1894,4,8.5
1894,5,7.9
1894,6,12.3
1894,7,14.6
1894,8,13.2
1894,9,10.6
1894,10,8.0
1894,11,6.9
1894,12,4.2
1895,1,-0.7
1895,2,-2.3
1895,3,4.2
1895,4,7.1
1895,5,10.9
1895,6,13.1
1895,7,13.7
1895,8,14.3
1895,9,14.2
1895,10,6.2
1895,11,6.1
1895,12,3.0
1896,1,3.9
1896,2,4.2
1896,3,5.4
1896,4,7.9
1896,5,11.0
1896,6,14.2
1896,7,14.6
1896,8,13.0
1896,9,11.7
1896,10,5.9
1896,11,4.2
1896,12,3.0
1897,1,0.9
1897,2,4.5
1897,3,5.2
1897,4,5.8
1897,5,8.6
1897,6,13.3
1897,7,14.9
1897,8,14.9
1897,9,10.9
1897,10,9.1
1897,11,6.6
1897,12,3.9
1898,1,5.7
1898,2,3.6
1898,3,3.5
1898,4,7.3
1898,5,9.1
1898,6,12.3
1898,7,13.8
1898,8,14.7
1898,9,13.8
1898,10,10.2
1898,11,6.0
1898,12,6.1
1899,1,3.4
1899,2,4.0
1899,3,4.2
1899,4,6.5
1899,5,8.5
1899,6,14.0
1899,7,15.5
1899,8,16.3
1899,9,12.0
1899,10,8.6
1899,11,7.8
1899,12,1.8
1900,1,3.5
1900,2,1.2
1900,3,2.7
1900,4,7.1
1900,5,9.1
1900,6,13.2
1900,7,15.7
1900,8,13.8
1900,9,12.4
1900,10,8.2
1900,11,5.9
1900,12,6.1
1901,1,2.9
1901,2,1.6
1901,3,3.4
1901,4,7.2
1901,5,10.4
1901,6,12.3
1901,7,16.3
1901,8,14.4
1901,9,12.8
1901,10,8.3
1901,11,4.5
1901,12,2.5
1902,1,3.6
1902,2,0.8
1902,3,5.5
1902,4,6.5
1902,5,7.5
1902,6,12.1
1902,7,13.0
1902,8,12.8
1902,9,11.8
1902,10,8.5
1902,11,6.3
1902,12,3.8
1903,1,3.0
1903,2,5.7
1903,3,5.5
1903,4,5.4
1903,5,9.6
1903,6,11.6
1903,7,13.6
1903,8,12.8
1903,9,11.8
1903,10,9.1
1903,11,5.5
1903,12,2.5
1904,1,3.4
1904,2,2.4
1904,3,3.4
1904,4,7.5
1904,5,9.4
1904,6,12.2
1904,7,15.1
1904,8,13.7
1904,9,11.6
1904,10,8.8
1904,11,4.7
1904,12,3.5
1905,1,3.4
1905,2,4.1
1905,3,5.6
1905,4,6.0
1905,5,9.7
1905,6,13.5
1905,7,15.6
1905,8,13.4
1905,9,11.3
1905,10,6.4
1905,11,4.3
1905,12,4.7
1906,1,4.3
1906,2,2.2
1906,3,3.9
1906,4,6.1
1906,5,8.9
1906,6,12.9
1906,7,14.1
1906,8,15.2
1906,9,12.8
1906,10,9.5
1906,11,6.6
1906,12,2.5
1907,1,3.0
1907,2,2.1
1907,3,5.4
1907,4,6.5
1907,5,9.1
1907,6,11.1
1907,7,13.0
1907,8,12.8
1907,9,12.5
1907,10,8.7
1907,11,5.6
1907,12,3.8
1908,1,2.2
1908,2,4.4
1908,3,3.3
1908,4,5.0
1908,5,10.9
1908,6,12.8
1908,7,14.3
1908,8,13.3
1908,9,11.8
1908,10,11.2
1908,11,6.6
1908,12,3.6
1909,1,2.9
1909,2,2.7
1909,3,2.5
1909,4,7.3
1909,5,9.5
1909,6,11.0
1909,7,13.3
1909,8,14.1
1909,9,10.9
1909,10,9.0
1909,11,4.0
1909,12,2.6
1910,1,2.5
1910,2,3.8
1910,3,5.2
1910,4,5.9
1910,5,9.9
1910,6,13.1
1910,7,13.1
1910,8,14.0
1910,9,11.6
1910,10,9.7
1910,11,2.7
1910,12,5.3
1911,1,3.3
1911,2,3.8
1911,3,4.2
1911,4,6.5
1911,5,11.4
1911,6,13.0
1911,7,16.0
1911,8,16.3
1911,9,12.5
1911,10,8.2
1911,11,4.9
1911,12,5.1
1912,1,2.8
1912,2,4.1
1912,3,6.0
1912,4,7.8
1912,5,10.4
1912,6,12.4
1912,7,14.4
1912,8,11.7
1912,9,10.2
1912,10,7.5
1912,11,5.3
1912,12,5.3
1913,1,3.4
1913,2,3.9
1913,3,4.8
1913,4,6.7
1913,5,10.0
1913,6,12.7
1913,7,13.5
1913,8,14.0
1913,9,12.6
1913,10,9.9
1913,11,7.2
1913,12,4.1
1914,1,2.8
1914,2,5.5
1914,3,4.8
1914,4,8.6
1914,5,9.4
1914,6,13.1
1914,7,14.6
1914,8,14.8
1914,9,12.2
1914,10,9.4
1914,11,5.8
1914,12,3.4
1915,1,3.0
1915,2,3.1
1915,3,4.2
1915,4,6.8
1915,5,9.3
1915,6,12.8
1915,7,13.4
1915,8,14.1
1915,9,12.2
1915,10,8.2
1915,11,2.6
1915,12,3.8
1916,1,6.3
1916,2,2.7
1916,3,2.4
1916,4,7.0
1916,5,9.9
1916,6,10.6
1916,7,13.9
1916,8,14.9
1916,9,11.9
1916,10,9.3
1916,11,6.0
1916,12,1.9
1917,1,1.1
1917,2,1.0
1917,3,2.4
1917,4,4.3
1917,5,10.8
1917,6,13.2
1917,7,14.6
1917,8,14.4
1917,9,12.7
1917,10,6.5
1917,11,6.9
1917,12,1.9
1918,1,2.6
1918,2,5.4
1918,3,4.9
1918,4,5.9
1918,5,11.3
1918,6,11.9
1918,7,14.0
1918,8,14.6
1918,9,10.4
1918,10,8.3
1918,11,4.8
1918,12,5.5
1919,1,2.3
1919,2,1.1
1919,3,2.5
1919,4,6.2
1919,5,11.6
1919,6,12.5
1919,7,12.9
1919,8,14.2
1919,9,11.6
1919,10,7.1
1919,11,2.3
1919,12,4.1
1920,1,3.8
1920,2,5.0
1920,3,5.8
1920,4,6.8
1920,5,10.2
1920,6,12.9
1920,7,12.9
1920,8,12.5
1920,9,11.8
1920,10,9.7
1920,11,6.4
1920,12,3.4
1921,1,5.7
1921,2,4.2
1921,3,5.8
1921,4,7.3
1921,5,10.0
1921,6,13.0
1921,7,16.2
1921,8,13.8
1921,9,12.8
1921,10,11.6
1921,11,4.4
1921,12,5.7
1922,1,2.9
1922,2,3.6
1922,3,4.0
1922,4,4.6
1922,5,10.8
1922,6,12.2
1922,7,12.3
1922,8,12.3
1922,9,11.0
1922,10,7.6
1922,11,5.3
1922,12,4.8
1923,1,4.9
1923,2,4.5
1923,3,5.6
1923,4,6.3
1923,5,8.0
1923,6,11.2
1923,7,15.6
1923,8,13.6
1923,9,11.1
1923,10,8.6
1923,11,2.7
1923,12,3.0
1924,1,3.8
1924,2,2.8
1924,3,3.1
1924,4,6.0
1924,5,9.7
1924,6,12.3
1924,7,13.8
1924,8,13.0
1924,9,11.9
1924,10,9.1
1924,11,6.4
1924,12,6.0
1925,1,4.5
1925,2,3.9
1925,3,4.1
1925,4,6.3
1925,5,10.1
1925,6,13.4
1925,7,15.3
1925,8,14.2
1925,9,10.4
1925,10,9.4
1925,11,3.3
1925,12,2.0
1926,1,3.8
1926,2,5.5
1926,3,5.4
1926,4,8.1
1926,5,8.9
1926,6,12.3
1926,7,15.4
1926,8,14.9
1926,9,13.0
1926,10,6.9
1926,11,5.0
1926,12,3.8
1927,1,3.7
1927,2,3.7
1927,3,6.1
1927,4,6.7
1927,5,9.4
1927,6,10.8
1927,7,14.5
1927,8,14.4
1927,9,11.2
1927,10,9.3
1927,11,5.2
1927,12,1.5
1928,1,4.2
1928,2,4.8
1928,3,4.9
1928,4,7.1
1928,5,9.6
1928,6,11.2
1928,7,14.3
1928,8,13.9
1928,9,11.5
1928,10,9.0
1928,11,6.6
1928,12,3.1
1929,1,1.0
1929,2,0.3
1929,3,5.6
1929,4,5.6
1929,5,9.9
1929,6,11.8
1929,7,14.4
1929,8,13.8
1929,9,13.9
1929,10,8.4
1929,11,5.7
1929,12,4.7
1930,1,4.2
1930,2,1.7
1930,3,4.0
1930,4,7.1
1930,5,9.5
1930,6,13.6
1930,7,14.0
1930,8,14.3
1930,9,12.4
1930,10,9.3
1930,11,5.1
1930,12,3.8
1931,1,2.6
1931,2,2.9
1931,3,3.0
1931,4,6.6
1931,5,9.9
1931,6,12.5
1931,7,14.0
1931,8,13.1
1931,9,10.7
1931,10,8.1
1931,11,6.8
1931,12,5.0
1932,1,5.4
1932,2,3.1
1932,3,4.1
1932,4,5.6
1932,5,9.1
1932,6,12.7
1932,7,14.6
1932,8,15.4
1932,9,11.7
1932,10,7.7
1932,11,5.7
1932,12,4.8
1933,1,1.9
1933,2,3.2
1933,3,6.3
1933,4,7.9
1933,5,10.5
1933,6,14.0
1933,7,16.3
1933,8,15.9
1933,9,13.6
1933,10,9.2
1933,11,5.0
1933,12,1.8
1934,1,3.9
1934,2,3.8
1934,3,4.0
1934,4,6.5
1934,5,9.8
1934,6,13.4
1934,7,16.3
1934,8,13.9
1934,9,13.0
1934,10,9.1
1934,11,5.3
1934,12,6.8
1935,1,4.0
1935,2,4.6
1935,3,5.7
1935,4,6.8
1935,5,9.0
1935,6,13.2
1935,7,15.4
1935,8,15.1
1935,9,12.1
1935,10,8.3
1935,11,5.6
1935,12,2.1
1936,1,2.6
1936,2,1.9
1936,3,5.8
1936,4,5.4
1936,5,10.1
1936,6,13.2
1936,7,14.1
1936,8,14.8
1936,9,13.1
1936,10,8.5
1936,11,4.9
1936,12,4.5
1937,1,4.2
1937,2,4.0
1937,3,2.4
1937,4,7.9
1937,5,10.7
1937,6,12.6
1937,7,14.5
1937,8,15.2
1937,9,12.0
1937,10,9.2
1937,11,4.9
1937,12,2.2
1938,1,4.7
1938,2,4.1
1938,3,8.0
1938,4,6.8
1938,5,9.3
1938,6,12.6
1938,7,13.6
1938,8,14.5
1938,9,12.5
1938,10,9.3
1938,11,7.8
1938,12,3.5
1939,1,3.0
1939,2,4.8
1939,3,5.0
1939,4,7.3
1939,5,10.1
1939,6,12.9
1939,7,13.9
1939,8,15.0
1939,9,13.0
1939,10,7.5
1939,11,7.2
1939,12,2.8
1940,1,-1.1
1940,2,2.0
1940,3,4.8
1940,4,7.2
1940,5,11.2
1940,6,14.9
1940,7,13.6
1940,8,14.1
1940,9,11.4
1940,10,8.7
1940,11,5.8
1940,12,3.3
1941,1,-0.2
1941,2,2.3
1941,3,3.9
1941,4,5.5
1941,5,8.2
1941,6,13.3
1941,7,15.4
1941,8,13.4
1941,9,13.5
1941,10,9.3
1941,11,5.6
1941,12,4.9
1942,1,1.0
1942,2,0.1
1942,3,4.0
1942,4,7.8
1942,5,9.6
1942,6,12.6
1942,7,14.0
1942,8,14.8
1942,9,12.2
1942,10,9.3
1942,11,4.7
1942,12,5.7
1943,1,3.9
1943,2,5.2
1943,3,5.9
1943,4,9.1
1943,5,10.3
1943,6,12.9
1943,7,14.6
1943,8,14.0
1943,9,11.8
1943,10,9.8
1943,11,5.5
1943,12,3.4
1944,1,5.1
1944,2,2.9
1944,3,4.5
1944,4,8.7
1944,5,9.8
1944,6,12.1
1944,7,14.9
1944,8,15.4
1944,9,11.2
1944,10,8.2
1944,11,5.0
1944,12,3.2
1945,1,-0.2
1945,2,5.9
1945,3,7.2
1945,4,8.6
1945,5,10.5
1945,6,12.9
1945,7,15.2
1945,8,14.5
1945,9,13.1
1945,10,10.6
1945,11,6.7
1945,12,4.5
1946,1,2.5
1946,2,4.8
1946,3,4.5
1946,4,8.5
1946,5,9.5
1946,6,11.8
1946,7,14.5
1946,8,13.2
1946,9,12.6
1946,10,8.7
1946,11,6.9
1946,12,2.6
1947,1,1.8
1947,2,-2.1
1947,3,2.1
1947,4,7.2
1947,5,11.4
1947,6,13.7
1947,7,15.2
1947,8,17.0
1947,9,13.3
1947,10,9.9
1947,11,6.0
1947,12,4.3
1948,1,3.7
1948,2,3.8
1948,3,7.3
1948,4,7.8
1948,5,9.9
1948,6,12.2
1948,7,14.2
1948,8,13.5
1948,9,12.4
1948,10,9.0
1948,11,6.7
1948,12,4.9
1949,1,4.5
1949,2,4.8
1949,3,4.3
1949,4,8.6
1949,5,9.7
1949,6,13.4
1949,7,15.6
1949,8,15.2
1949,9,14.6
1949,10,10.6
1949,11,5.9
1949,12,4.7
1950,1,3.8
1950,2,4.0
1950,3,6.5
1950,4,6.3
1950,5,9.9
1950,6,14.3
1950,7,14.6
1950,8,14.2
1950,9,11.6
1950,10,8.7
1950,11,4.7
1950,12,0.6
1951,1,2.9
1951,2,2.6
1951,3,3.2
1951,4,5.5
1951,5,8.7
1951,6,12.2
1951,7,14.7
1951,8,13.5
1951,9,12.8
1951,10,9.2
1951,11,7.2
1951,12,4.6
1952,1,1.6
1952,2,2.7
1952,3,5.5
1952,4,8.3
1952,5,11.6
1952,6,12.5
1952,7,15.0
1952,8,14.4
1952,9,9.9
1952,10,8.0
1952,11,3.4
1952,12,2.6
1953,1,3.2
1953,2,3.8
1953,3,5.1
1953,4,6.1
1953,5,11.2
1953,6,12.9
1953,7,14.1
1953,8,14.6
1953,9,12.8
1953,10,9.2
1953,11,7.5
1953,12,6.0
1954,1,2.6
1954,2,1.8
1954,3,4.7
1954,4,6.7
1954,5,10.1
1954,6,12.1
1954,7,12.9
1954,8,13.2
1954,9,11.3
1954,10,10.4
1954,11,5.9
1954,12,5.6
1955,1,1.8
1955,2,0.3
1955,3,2.6
1955,4,8.2
1955,5,8.4
1955,6,12.3
1955,7,15.9
1955,8,16.4
1955,9,13.1
1955,10,8.2
1955,11,6.5
1955,12,4.5
1956,1,2.6
1956,2,-0.2
1956,3,5.3
1956,4,5.7
1956,5,10.5
1956,6,11.7
1956,7,14.2
1956,8,12.1
1956,9,12.9
1956,10,8.7
1956,11,5.6
1956,12,5.2
1957,1,4.5
1957,2,3.9
1957,3,7.9
1957,4,7.6
1957,5,9.2
1957,6,13.4
1957,7,14.7
1957,8,14.0
1957,9,11.2
1957,10,9.6
1957,11,5.7
1957,12,3.8
1958,1,2.5
1958,2,3.5
1958,3,2.6
1958,4,6.4
1958,5,9.4
1958,6,12.3
1958,7,14.4
1958,8,14.4
1958,9,13.8
1958,10,9.8
1958,11,5.9
1958,12,3.7
1959,1,0.9
1959,2,3.8
1959,3,6.2
1959,4,8.0
1959,5,11.2
1959,6,13.5
1959,7,15.4
1959,8,15.7
1959,9,13.5
1959,10,11.4
1959,11,6.2
1959,12,4.8
1960,1,3.1
1960,2,2.6
1960,3,5.3
1960,4,8.0
1960,5,11.4
1960,6,14.4
1960,7,13.8
1960,8,13.7
1960,9,11.9
1960,10,9.3
1960,11,6.0
1960,12,2.9
1961,1,2.7
1961,2,5.8
1961,3,7.2
1961,4,8.4
1961,5,9.7
1961,6,12.8
1961,7,13.6
1961,8,13.9
1961,9,13.5
1961,10,9.6
1961,11,5.2
1961,12,1.6
1962,1,3.5
1962,2,3.7
1962,3,1.8
1962,4,6.5
1962,5,8.9
1962,6,12.2
1962,7,13.2
1962,8,13.0
1962,9,11.4
1962,10,9.6
1962,11,4.7
1962,12,2.0
1963,1,-1.8
1963,2,-1.1
1963,3,4.9
1963,4,7.2
1963,5,9.1
1963,6,13.3
1963,7,13.5
1963,8,12.9
1963,9,11.7
1963,10,9.7
1963,11,6.6
1963,12,2.3
1964,1,3.2
1964,2,3.7
1964,3,3.6
1964,4,7.6
1964,5,11.5
1964,6,12.3
1964,7,14.3
1964,8,13.8
1964,9,12.6
1964,10,8.0
1964,11,6.4
1964,12,2.7
1965,1,2.4
1965,2,2.6
1965,3,4.1
1965,4,6.9
1965,5,10.0
1965,6,12.8
1965,7,12.5
1965,8,13.4
1965,9,11.2
1965,10,9.8
1965,11,3.6
1965,12,3.3
1966,1,2.2
1966,2,4.0
1966,3,5.6
1966,4,5.8
1966,5,9.7
1966,6,13.8
1966,7,13.5
1966,8,13.2
1966,9,12.7
1966,10,8.9
1966,11,4.5
1966,12,4.1
1967,1,3.7
1967,2,4.5
1967,3,5.8
1967,4,6.8
1967,5,8.8
1967,6,12.7
1967,7,14.8
1967,8,14.1
1967,9,12.4
1967,10,9.3
1967,11,4.8
1967,12,3.6
1968,1,3.5
1968,2,1.1
1968,3,5.2
1968,4,6.9
1968,5,8.4
1968,6,13.2
1968,7,13.5
1968,8,14.1
1968,9,12.5
1968,10,11.1
1968,11,5.5
1968,12,2.6
1969,1,4.4
1969,2,0.2
1969,3,2.6
1969,4,6.3
1969,5,9.7
1969,6,12.6
1969,7,15.1
1969,8,14.9
1969,9,12.6
1969,10,11.7
1969,11,4.0
1969,12,2.7
1970,1,2.9
1970,2,1.8
1970,3,3.0
1970,4,5.5
1970,5,11.2
1970,6,14.6
1970,7,13.5
1970,8,14.6
1970,9,12.9
1970,10,9.5
1970,11,6.3
1970,12,3.6
1971,1,3.9
1971,2,4.0
1971,3,4.4
1971,4,6.7
1971,5,10.3
1971,6,11.1
1971,7,15.1
1971,8,14.2
1971,9,13.1
1971,10,10.3
1971,11,5.3
1971,12,6.0
1972,1,3.1
1972,2,3.4
1972,3,5.4
1972,4,7.3
1972,5,9.4
1972,6,10.5
1972,7,14.1
1972,8,13.5
1972,9,10.7
1972,10,9.6
1972,11,5.2
1972,12,4.8
1973,1,3.9
1973,2,3.4
1973,3,5.4
1973,4,5.9
1973,5,9.8
1973,6,13.3
1973,7,14.3
1973,8,14.9
1973,9,12.8
1973,10,8.2
1973,11,5.1
1973,12,4.0
1974,1,5.1
1974,2,4.5
1974,3,4.6
1974,4,7.1
1974,5,9.7
1974,6,12.3
1974,7,13.5
1974,8,13.7
1974,9,10.7
1974,10,6.9
1974,11,5.6
1974,12,6.5
1975,1,5.3
1975,2,3.8
1975,3,3.9
1975,4,7.1
1975,5,8.6
1975,6,13.0
1975,7,15.5
1975,8,16.7
1975,9,11.8
1975,10,9.2
1975,11,5.4
1975,12,4.6
1976,1,4.6
1976,2,3.8
1976,3,4.0
1976,4,7.0
1976,5,10.3
1976,6,14.9
1976,7,16.5
1976,8,15.7
1976,9,12.0
1976,10,9.3
1976,11,5.2
1976,12,1.3
1977,1,1.9
1977,2,3.6
1977,3,5.8
1977,4,6.0
1977,5,9.2
1977,6,11.2
1977,7,14.6
1977,8,13.9
1977,9,11.7
1977,10,10.6
1977,11,5.1
1977,12,5.1
1978,1,2.3
1978,2,1.4
1978,3,5.5
1978,4,5.5
1978,5,10.4
1978,6,12.3
1978,7,13.3
1978,8,13.7
1978,9,12.6
1978,10,10.7
1978,11,7.3
1978,12,3.3
1979,1,-0.5
1979,2,0.6
1979,3,3.4
1979,4,6.4
1979,5,8.4
1979,6,12.7
1979,7,14.4
1979,8,13.3
1979,9,11.9
1979,10,10.1
1979,11,5.6
1979,12,4.4
1980,1,1.7
1980,2,4.5
1980,3,3.7
1980,4,7.7
1980,5,10.0
1980,6,12.5
1980,7,13.3
1980,8,14.4
1980,9,13.3
1980,10,7.8
1980,11,5.5
1980,12,4.7
1981,1,3.8
1981,2,2.5
1981,3,6.3
1981,4,6.8
1981,5,10.2
1981,6,12.0
1981,7,14.1
1981,8,14.8
1981,9,13.1
1981,10,6.8
1981,11,6.5
1981,12,-0.0
1982,1,2.1
1982,2,4.2
1982,3,5.0
1982,4,7.6
1982,5,10.1
1982,6,13.6
1982,7,15.1
1982,8,14.4
1982,9,12.6
1982,10,9.1
1982,11,6.5
1982,12,3.4
1983,1,5.4
1983,2,1.3
1983,3,5.5
1983,4,5.5
1983,5,8.9
1983,6,12.7
1983,7,17.1
1983,8,15.9
1983,9,12.1
1983,10,9.2
1983,11,6.6
1983,12,5.0
1984,1,2.3
1984,2,3.1
1984,3,3.9
1984,4,7.2
1984,5,8.9
1984,6,13.1
1984,7,15.2
1984,8,15.8
1984,9,12.1
1984,10,9.7
1984,11,6.8
1984,12,4.6
1985,1,0.4
1985,2,2.0
1985,3,3.7
1985,4,7.2
1985,5,9.6
1985,6,11.3
1985,7,14.5
1985,8,13.3
1985,9,12.8
1985,10,9.9
1985,11,3.1
1985,12,5.1
1986,1,2.5
1986,2,-1.1
1986,3,4.3
1986,4,4.8
1986,5,9.8
1986,6,13.2
1986,7,14.2
1986,8,12.2
1986,9,10.3
1986,10,9.7
1986,11,6.7
1986,12,4.8
1987,1,0.7
1987,2,2.9
1987,3,3.3
1987,4,8.7
1987,5,9.0
1987,6,11.3
1987,7,14.5
1987,8,14.1
1987,9,12.2
1987,10,8.3
1987,11,5.8
1987,12,4.8
1988,1,4.1
1988,2,3.9
1988,3,5.1
1988,4,7.1
1988,5,10.5
1988,6,13.3
1988,7,13.5
1988,8,13.9
1988,9,12.1
1988,10,9.4
1988,11,5.0
1988,12,6.6
1989,1,5.8
1989,2,4.9
1989,3,6.0
1989,4,5.5
1989,5,11.3
1989,6,12.9
1989,7,16.4
1989,8,14.8
1989,9,12.8
1989,10,10.5
1989,11,5.7
1989,12,3.6
1990,1,5.5
1990,2,5.9
1990,3,7.2
1990,4,7.0
1990,5,11.2
1990,6,12.4
1990,7,15.2
1990,8,16.1
1990,9,11.7
1990,10,10.5
1990,11,5.8
1990,12,3.7
1991,1,2.5
1991,2,1.3
1991,3,6.6
1991,4,6.9
1991,5,9.9
1991,6,11.0
1991,7,15.9
1991,8,15.6
1991,9,13.1
1991,10,9.0
1991,11,5.7
1991,12,4.2
1992,1,3.4
1992,2,4.8
1992,3,6.1
1992,4,7.4
1992,5,11.9
1992,6,14.3
1992,7,14.7
1992,8,13.8
1992,9,11.9
1992,10,6.7
1992,11,6.1
1992,12,3.1
1993,1,4.7
1993,2,4.6
1993,3,5.6
1993,4,8.2
1993,5,10.0
1993,6,13.3
1993,7,13.7
1993,8,13.1
1993,9,11.2
1993,10,7.3
1993,11,4.1
1993,12,3.9
1994,1,4.0
1994,2,2.4
1994,3,6.0
1994,4,6.9
1994,5,9.3
1994,6,12.8
1994,7,16.0
1994,8,14.3
1994,9,11.5
1994,10,9.0
1994,11,8.8
1994,12,5.3
1995,1,3.5
1995,2,5.0
1995,3,4.2
1995,4,7.6
1995,5,10.2
1995,6,12.9
1995,7,16.6
1995,8,17.3
1995,9,12.4
1995,10,11.6
1995,11,6.9
1995,12,1.6
1996,1,4.0
1996,2,2.0
1996,3,3.7
1996,4,7.5
1996,5,8.0
1996,6,12.9
1996,7,14.7
1996,8,15.1
1996,9,12.6
1996,10,10.4
1996,11,4.7
1996,12,2.5
1997,1,2.1
1997,2,5.3
1997,3,7.1
1997,4,7.9
1997,5,10.2
1997,6,12.6
1997,7,15.3
1997,8,17.1
1997,9,12.7
1997,10,9.2
1997,11,7.7
1997,12,5.1
1998,1,4.3
1998,2,6.8
1998,3,6.7
1998,4,6.6
1998,5,11.5
1998,6,12.7
1998,7,14.1
1998,8,14.5
1998,9,13.4
1998,10,9.1
1998,11,5.3
1998,12,4.9
1999,1,4.5
1999,2,4.2
1999,3,6.2
1999,4,8.3
1999,5,11.5
1999,6,12.4
1999,7,15.9
1999,8,14.8
1999,9,14.2
1999,10,9.8
1999,11,6.8
1999,12,3.6
2000,1,4.3
2000,2,5.1
2000,3,6.5
2000,4,6.7
2000,5,10.8
2000,6,13.2
2000,7,14.1
2000,8,15.2
2000,9,13.5
2000,10,9.3
2000,11,5.8
2000,12,4.6
2001,1,2.5
2001,2,3.4
2001,3,4.0
2001,4,6.6
2001,5,11.3
2001,6,12.6
2001,7,15.2
2001,8,15.2
2001,9,12.2
2001,10,12.2
2001,11,6.8
2001,12,3.1
2002,1,5.0
2002,2,5.5
2002,3,6.4
2002,4,8.2
2002,5,10.7
2002,6,13.1
2002,7,14.4
2002,8,15.6
2002,9,13.1
2002,10,8.7
2002,11,7.5
2002,12,4.7
2003,1,3.7
2003,2,3.4
2003,3,6.7
2003,4,8.8
2003,5,10.7
2003,6,14.5
2003,7,16.2
2003,8,16.5
2003,9,13.1
2003,10,8.1
2003,11,7.3
2003,12,4.2
2004,1,4.4
2004,2,4.3
2004,3,5.7
2004,4,8.5
2004,5,11.0
2004,6,13.9
2004,7,14.4
2004,8,16.1
2004,9,13.4
2004,10,9.3
2004,11,7.0
2004,12,5.0
2005,1,5.3
2005,2,3.7
2005,3,6.4
2005,4,7.9
2005,5,10.0
2005,6,14.1
2005,7,15.3
2005,8,14.8
2005,9,13.8
2005,10,11.6
2005,11,5.6
2005,12,4.1
2006,1,3.8
2006,2,3.4
2006,3,3.9
2006,4,7.4
2006,5,10.7
2006,6,14.5
2006,7,17.8
2006,8,14.9
2006,9,15.2
2006,10,11.6
2006,11,7.2
2006,12,5.5
2007,1,5.9
2007,2,5.1
2007,3,6.3
2007,4,10.2
2007,5,10.6
2007,6,13.7
2007,7,14.2
2007,8,14.3
2007,9,12.6
2007,10,10.2
2007,11,6.8
2007,12,4.4
2008,1,5.3
2008,2,4.9
2008,3,5.1
2008,4,7.0
2008,5,12.1
2008,6,12.9
2008,7,15.3
2008,8,15.1
2008,9,12.5
2008,10,8.7
2008,11,6.1
2008,12,3.1
2009,1,2.8
2009,2,3.7
2009,3,6.1
2009,4,8.9
2009,5,10.8
2009,6,13.7
2009,7,15.1
2009,8,15.3
2009,9,13.2
2009,10,10.4
2009,11,7.3
2009,12,2.1
2010,1,0.9
2010,2,1.8
2010,3,5.1
2010,4,7.9
2010,5,9.7
2010,6,14.1
2010,7,15.6
2010,8,14.2
2010,9,12.8
2010,10,9.4
2010,11,4.3
2010,12,-0.9
2011,1,3.1
2011,2,5.3
2011,3,5.8
2011,4,10.7
2011,5,11.0
2011,6,12.6
2011,7,14.2
2011,8,14.1
2011,9,13.8
2011,10,11.2
2011,11,8.7
2011,12,4.8
2012,1,4.6
2012,2,4.2
2012,3,7.7
2012,4,6.3
2012,5,10.5
2012,6,12.3
2012,7,14.1
2012,8,15.3
2012,9,11.9
2012,10,8.2
2012,11,5.7
2012,12,3.8
2013,1,3.3
2013,2,2.7
2013,3,2.2
2013,4,6.3
2013,5,9.5
2013,6,12.8
2013,7,17.0
2013,8,15.6
2013,9,12.7
2013,10,11.2
2013,11,5.5
2013,12,5.7
2014,1,4.7
2014,2,5.2
2014,3,6.7
2014,4,9.2
2014,5,11.2
2014,6,14.2
2014,7,16.3
2014,8,13.9
2014,9,13.9
2014,10,11.0
2014,11,7.6
2014,12,4.4
2015,1,3.7
2015,2,3.5
2015,3,5.5
2015,4,7.9
2015,5,9.5
2015,6,12.6
2015,7,14.4
2015,8,14.7
2015,9,11.9
2015,10,10.0
2015,11,8.1
2015,12,7.9
2016,1,4.5
2016,2,3.8
2016,3,5.3
2016,4,6.5
2016,5,11.3
2016,6,13.9
2016,7,15.3
2016,8,15.5
2016,9,14.6
2016,10,9.8
2016,11,4.9
2016,12,5.9
2017,1,3.8
2017,2,5.2
2017,3,7.3
2017,4,8.0
2017,5,12.0
2017,6,14.4
2017,7,15.1
2017,8,14.5
2017,9,12.5
2017,10,11.2
2017,11,5.7
2017,12,4.1
2018,1,4.0
2018,2,2.3
2018,3,3.8
2018,4,8.4
2018,5,12.0
2018,6,14.8
2018,7,17.2
2018,8,15.2
2018,9,12.4
2018,10,9.5
2018,11,7.3
2018,12,5.8
2019,1,3.4
2019,2,6.0
2019,3,6.8
2019,4,8.4
2019,5,10.0
2019,6,13.2
2019,7,16.4
2019,8,15.8
2019,9,13.1
2019,10,8.9
2019,11,5.3
2019,12,5.1
2020,1,5.6
2020,2,5.1
2020,3,5.6
2020,4,9.1
2020,5,11.4
2020,6,14.0
2020,7,14.3
2020,8,15.9
2020,9,12.8
2020,10,9.4
2020,11,7.7
2020,12,4.3
2021,1,2.2
2021,2,4.1
2021,3,6.4
2021,4,5.7
2021,5,9.1
2021,6,14.2
2021,7,16.6
2021,8,15.0
2021,9,14.7
2021,10,10.9
2021,11,7.0
2021,12,5.3
2022,1,4.7
2022,2,5.6
2022,3,6.7
2022,4,8.1
2022,5,11.8
2022,6,13.9
2022,7,16.5
2022,8,16.6
2022,9,13.4
2022,10,11.6
2022,11,8.2
2022,12,2.9
2023,1,4.4
2023,2,5.8
2023,3,5.7
2023,4,7.8
2023,5,11.6
2023,6,15.8
2023,7,15.0
2023,8,15.3
2023,9,15.2
2023,10,10.7
2023,11,6.3
2023,12,5.8
2024,1,3.8
2024,2,6.3
2024,3,6.7
2024,4,8.3
2024,5,13.1
2024,6,12.9
2024,7,14.8
2024,8,15.4
2024,9,12.7
2024,10,10.5
2024,11,6.7
2024,12,6.2
2025,1,3.0
2025,2,4.6
2025,3,7.0
2025,4,9.6
2025,5,12.0
2025,6,15.2
2025,7,16.8
2025,8,16.3
2025,9,12.8
2025,10,10.4
2025,11,7.2
2025,12,5.8
