year,month,rainfall
1836,1,101.5
1836,2,69.8
1836,3,123.0
1836,4,75.1
1836,5,13.8
1836,6,76.5
1836,7,109.2
1836,8,63.1
1836,9,113.2
1836,10,120.8
1836,11,150.0
1836,12,108.7
1837,1,79.5
1837,2,104.7
1837,3,36.3
1837,4,54.1
1837,5,39.9
1837,6,57.9
1837,7,87.5
1837,8,90.7
1837,9,67.5
1837,10,97.0
1837,11,97.8
1837,12,96.0
1838,1,35.4
1838,2,55.9
1838,3,69.7
1838,4,57.1
1838,5,61.8
1838,6,117.8
1838,7,84.2
1838,8,93.9
1838,9,74.9
1838,10,93.7
1838,11,120.5
1838,12,74.3
1839,1,75.7
1839,2,67.2
1839,3,83.1
1839,4,38.4
1839,5,35.7
1839,6,93.7
1839,7,119.7
1839,8,84.9
1839,9,145.1
1839,10,102.1
1839,11,116.0
1839,12,103.9
1840,1,124.6
1840,2,68.6
1840,3,14.2
1840,4,22.2
1840,5,83.8
1840,6,68.6
1840,7,91.8
1840,8,78.0
1840,9,106.1
1840,10,65.9
1840,11,126.4
1840,12,41.0
1841,1,82.0
1841,2,58.6
1841,3,74.7
1841,4,56.6
1841,5,70.4
1841,6,70.1
1841,7,91.3
1841,8,118.0
1841,9,118.9
1841,10,151.7
1841,11,108.5
1841,12,123.7
1842,1,77.9
1842,2,68.4
1842,3,110.9
1842,4,11.2
1842,5,65.8
1842,6,63.1
1842,7,78.1
1842,8,64.3
1842,9,90.0
1842,10,63.9
1842,11,138.3
1842,12,91.5
1843,1,104.4
1843,2,57.8
1843,3,42.4
1843,4,97.9
1843,5,100.0
1843,6,68.2
1843,7,92.0
1843,8,97.0
1843,9,27.4
1843,10,163.8
1843,11,116.1
1843,12,41.0
1844,1,82.7
1844,2,95.3
1844,3,90.4
1844,4,30.6
1844,5,10.8
1844,6,66.7
1844,7,74.0
1844,8,85.0
1844,9,65.1
1844,10,91.8
1844,11,112.1
1844,12,26.1
1845,1,87.4
1845,2,47.6
1845,3,64.2
1845,4,52.4
1845,5,53.3
1845,6,82.2
1845,7,84.5
1845,8,108.2
1845,9,87.3
1845,10,117.8
1845,11,106.5
1845,12,135.5
1846,1,110.4
1846,2,60.1
1846,3,81.1
1846,4,96.3
1846,5,49.0
1846,6,74.7
1846,7,114.8
1846,8,114.7
1846,9,64.1
1846,10,157.0
1846,11,85.8
1846,12,54.5
1847,1,63.0
1847,2,53.8
1847,3,43.5
1847,4,65.1
1847,5,92.6
1847,6,70.5
1847,7,48.6
1847,8,60.6
1847,9,80.6
1847,10,132.0
1847,11,103.8
1847,12,149.3
1848,1,60.6
1848,2,171.1
1848,3,106.1
1848,4,74.7
1848,5,34.6
1848,6,122.7
1848,7,93.2
1848,8,111.7
1848,9,78.7
1848,10,132.7
1848,11,92.7
1848,12,100.6
1849,1,130.7
1849,2,76.3
1849,3,41.4
1849,4,74.2
1849,5,74.6
1849,6,46.1
1849,7,95.8
1849,8,71.2
1849,9,92.4
1849,10,97.5
1849,11,92.2
1849,12,94.5
1850,1,69.9
1850,2,105.3
1850,3,31.0
1850,4,86.1
1850,5,64.1
1850,6,52.6
1850,7,88.5
1850,8,91.2
1850,9,69.4
1850,10,86.4
1850,11,116.8
1850,12,88.4
1851,1,144.9
1851,2,55.5
1851,3,116.4
1851,4,52.9
1851,5,36.1
1851,6,81.0
1851,7,99.3
1851,8,82.6
1851,9,38.8
1851,10,95.7
1851,11,50.2
1851,12,53.7
1852,1,174.3
1852,2,90.8
1852,3,18.9
1852,4,21.5
1852,5,60.3
1852,6,113.1
1852,7,79.4
1852,8,119.6
1852,9,92.9
1852,10,108.0
1852,11,186.5
1852,12,191.5
1853,1,128.5
1853,2,55.3
1853,3,43.9
1853,4,69.6
1853,5,35.3
1853,6,88.4
1853,7,113.5
1853,8,79.9
1853,9,74.9
1853,10,137.1
1853,11,79.2
1853,12,36.2
1854,1,105.6
1854,2,58.7
1854,3,45.0
1854,4,24.0
1854,5,82.2
1854,6,78.4
1854,7,81.5
1854,8,70.3
1854,9,52.1
1854,10,103.0
1854,11,84.3
1854,12,118.3
1855,1,28.5
1855,2,42.2
1855,3,70.8
1855,4,38.4
1855,5,52.4
1855,6,73.8
1855,7,107.8
1855,8,81.4
1855,9,36.8
1855,10,143.6
1855,11,43.5
1855,12,67.5
1856,1,81.2
1856,2,81.0
1856,3,19.2
1856,4,73.6
1856,5,79.2
1856,6,84.3
1856,7,73.2
1856,8,96.1
1856,9,107.2
1856,10,65.6
1856,11,57.5
1856,12,113.8
1857,1,99.8
1857,2,53.2
1857,3,83.0
1857,4,75.9
1857,5,47.9
1857,6,67.7
1857,7,72.3
1857,8,84.1
1857,9,93.6
1857,10,90.5
1857,11,67.9
1857,12,79.0
1858,1,65.6
1858,2,31.9
1858,3,51.3
1858,4,75.9
1858,5,76.8
1858,6,57.0
1858,7,94.4
1858,8,76.2
1858,9,82.1
1858,10,108.8
1858,11,49.4
1858,12,107.2
1859,1,94.1
1859,2,81.4
1859,3,103.9
1859,4,91.5
1859,5,22.9
1859,6,58.0
1859,7,70.3
1859,8,92.2
1859,9,115.9
1859,10,109.8
1859,11,96.9
1859,12,105.7
1860,1,117.5
1860,2,60.0
1860,3,99.3
1860,4,43.3
1860,5,85.3
1860,6,143.5
1860,7,60.5
1860,8,134.8
1860,9,72.0
1860,10,117.3
1860,11,76.6
1860,12,94.0
1861,1,58.1
1861,2,90.7
1861,3,118.6
1861,4,26.3
1861,5,37.4
1861,6,74.9
1861,7,119.3
1861,8,111.3
1861,9,115.7
1861,10,69.1
1861,11,157.4
1861,12,75.7
1862,1,106.4
1862,2,36.7
1862,3,106.6
1862,4,81.0
1862,5,97.0
1862,6,95.2
1862,7,93.3
1862,8,82.5
1862,9,74.7
1862,10,157.9
1862,11,55.6
1862,12,113.8
1863,1,146.5
1863,2,58.3
1863,3,50.2
1863,4,68.5
1863,5,55.9
1863,6,102.5
1863,7,27.8
1863,8,113.2
1863,9,133.4
1863,10,125.2
1863,11,100.4
1863,12,107.4
1864,1,67.4
1864,2,76.0
1864,3,94.8
1864,4,45.6
1864,5,53.8
1864,6,69.5
1864,7,45.6
1864,8,49.9
1864,9,113.8
1864,10,95.4
1864,11,109.1
1864,12,89.6
1865,1,108.5
1865,2,81.0
1865,3,57.7
1865,4,29.2
1865,5,89.0
1865,6,35.1
1865,7,86.0
1865,8,123.1
1865,9,25.2
1865,10,154.7
1865,11,101.0
1865,12,86.6
1866,1,148.3
1866,2,121.6
1866,3,78.4
1866,4,51.0
1866,5,42.5
1866,6,73.3
1866,7,75.9
1866,8,113.0
1866,9,159.4
1866,10,70.7
1866,11,112.6
1866,12,127.0
1867,1,118.5
1867,2,85.1
1867,3,73.2
1867,4,114.2
1867,5,72.1
1867,6,50.4
1867,7,109.2
1867,8,72.9
1867,9,82.5
1867,10,121.3
1867,11,36.0
1867,12,88.5
1868,1,137.2
1868,2,116.8
1868,3,105.4
1868,4,75.2
1868,5,56.2
1868,6,32.5
1868,7,23.2
1868,8,132.0
1868,9,82.9
1868,10,112.7
1868,11,79.0
1868,12,190.8
1869,1,127.2
1869,2,121.5
1869,3,53.7
1869,4,57.1
1869,5,83.6
1869,6,42.2
1869,7,38.7
1869,8,45.9
1869,9,156.5
1869,10,84.4
1869,11,117.2
1869,12,137.4
1870,1,76.0
1870,2,79.4
1870,3,48.6
1870,4,43.7
1870,5,58.9
1870,6,40.7
1870,7,47.3
1870,8,54.1
1870,9,74.2
1870,10,162.2
1870,11,77.5
1870,12,92.1
1871,1,75.3
1871,2,90.6
1871,3,62.9
1871,4,96.6
1871,5,31.4
1871,6,69.5
1871,7,124.8
1871,8,65.6
1871,9,112.0
1871,10,99.3
1871,11,60.4
1871,12,91.7
1872,1,165.8
1872,2,106.5
1872,3,85.3
1872,4,74.0
1872,5,76.7
1872,6,129.2
1872,7,109.7
1872,8,95.5
1872,9,135.1
1872,10,153.4
1872,11,158.6
1872,12,148.1
1873,1,141.1
1873,2,43.0
1873,3,72.1
1873,4,28.3
1873,5,66.1
1873,6,61.0
1873,7,104.7
1873,8,113.7
1873,9,92.1
1873,10,121.0
1873,11,85.9
1873,12,67.3
1874,1,105.3
1874,2,60.7
1874,3,75.2
1874,4,63.1
1874,5,43.8
1874,6,43.7
1874,7,65.8
1874,8,119.6
1874,9,122.0
1874,10,147.1
1874,11,107.5
1874,12,90.6
1875,1,140.4
1875,2,47.0
1875,3,40.0
1875,4,42.0
1875,5,65.9
1875,6,86.0
1875,7,116.4
1875,8,85.8
1875,9,105.7
1875,10,145.7
1875,11,137.8
1875,12,79.4
1876,1,68.9
1876,2,111.8
1876,3,123.1
1876,4,81.2
1876,5,24.9
1876,6,72.5
1876,7,57.8
1876,8,90.9
1876,9,120.7
1876,10,103.0
1876,11,103.6
1876,12,189.9
1877,1,165.7
1877,2,102.7
1877,3,79.2
1877,4,83.4
1877,5,78.6
1877,6,82.8
1877,7,113.1
1877,8,140.2
1877,9,72.9
1877,10,125.4
1877,11,170.3
1877,12,110.6
1878,1,93.5
1878,2,55.5
1878,3,58.8
1878,4,60.1
1878,5,114.5
1878,6,77.1
1878,7,37.2
1878,8,135.4
1878,9,101.7
1878,10,121.7
1878,11,108.6
1878,12,74.2
1879,1,62.2
1879,2,87.4
1879,3,62.7
1879,4,62.6
1879,5,75.0
1879,6,126.5
1879,7,127.5
1879,8,143.1
1879,9,110.4
1879,10,52.6
1879,11,46.9
1879,12,61.6
1880,1,42.1
1880,2,106.2
1880,3,57.2
1880,4,75.3
1880,5,41.6
1880,6,78.5
1880,7,134.7
1880,8,36.9
1880,9,106.4
1880,10,116.0
1880,11,119.5
1880,12,120.6
1881,1,32.6
1881,2,106.0
1881,3,91.4
1881,4,36.6
1881,5,61.8
1881,6,85.5
1881,7,93.2
1881,8,129.9
1881,9,71.0
1881,10,92.2
1881,11,132.5
1881,12,113.3
1882,1,88.1
1882,2,84.4
1882,3,94.2
1882,4,103.0
1882,5,58.4
1882,6,109.2
1882,7,126.5
1882,8,85.9
1882,9,92.0
1882,10,130.8
1882,11,145.9
1882,12,129.4
1883,1,120.5
1883,2,120.3
1883,3,53.6
1883,4,49.1
1883,5,57.5
1883,6,79.3
1883,7,98.3
1883,8,84.8
1883,9,126.0
1883,10,114.9
1883,11,133.3
1883,12,87.0
1884,1,143.0
1884,2,96.2
1884,3,84.7
1884,4,44.1
1884,5,63.0
1884,6,41.0
1884,7,105.9
1884,8,63.0
1884,9,77.3
1884,10,86.8
1884,11,88.9
1884,12,125.6
1885,1,79.4
1885,2,117.8
1885,3,63.5
1885,4,65.3
1885,5,81.4
1885,6,56.8
1885,7,38.9
1885,8,64.2
1885,9,145.9
1885,10,135.5
1885,11,93.5
1885,12,72.4
1886,1,125.9
1886,2,42.1
1886,3,85.8
1886,4,61.8
1886,5,112.8
1886,6,40.6
1886,7,99.9
1886,8,59.2
1886,9,93.5
1886,10,127.5
1886,11,108.2
1886,12,140.0
1887,1,91.5
1887,2,53.5
1887,3,51.1
1887,4,50.4
1887,5,49.1
1887,6,25.6
1887,7,63.4
1887,8,68.1
1887,9,98.2
1887,10,74.8
1887,11,93.8
1887,12,87.4
1888,1,62.1
1888,2,42.8
1888,3,95.2
1888,4,60.1
1888,5,57.6
1888,6,74.3
1888,7,142.2
1888,8,90.6
1888,9,40.7
1888,10,73.7
1888,11,164.8
1888,12,89.9
1889,1,63.2
1889,2,80.4
1889,3,78.2
1889,4,83.3
1889,5,77.4
1889,6,24.6
1889,7,75.6
1889,8,125.5
1889,9,61.3
1889,10,116.3
1889,11,58.9
1889,12,86.9
1890,1,145.8
1890,2,30.0
1890,3,83.5
1890,4,46.9
1890,5,60.5
1890,6,89.5
1890,7,97.0
1890,8,106.1
1890,9,69.0
1890,10,95.3
1890,11,150.0
1890,12,37.9
1891,1,79.3
1891,2,24.2
1891,3,71.8
1891,4,45.5
1891,5,78.1
1891,6,53.1
1891,7,87.5
1891,8,155.8
1891,9,100.7
1891,10,156.7
1891,11,101.8
1891,12,153.4
1892,1,83.0
1892,2,63.7
1892,3,33.4
1892,4,37.7
1892,5,82.8
1892,6,84.3
1892,7,71.8
1892,8,122.9
1892,9,110.6
1892,10,138.0
1892,11,88.5
1892,12,61.2
1893,1,68.0
1893,2,117.5
1893,3,34.6
1893,4,23.1
1893,5,49.5
1893,6,44.8
1893,7,96.3
1893,8,86.6
1893,9,84.8
1893,10,116.4
1893,11,90.5
1893,12,127.6
1894,1,118.0
1894,2,140.8
1894,3,75.5
1894,4,50.8
1894,5,77.9
1894,6,71.4
1894,7,103.2
1894,8,105.5
1894,9,32.3
1894,10,108.1
1894,11,118.6
1894,12,99.4
1895,1,92.0
1895,2,17.8
1895,3,91.5
1895,4,63.8
1895,5,21.8
1895,6,48.3
1895,7,119.1
1895,8,114.8
1895,9,40.7
1895,10,117.1
1895,11,127.1
1895,12,105.9
1896,1,58.9
1896,2,43.5
1896,3,117.3
1896,4,47.7
1896,5,18.8
1896,6,81.7
1896,7,81.1
1896,8,75.6
1896,9,150.4
1896,10,124.0
1896,11,46.5
1896,12,141.6
1897,1,55.7
1897,2,86.9
1897,3,129.5
1897,4,69.1
1897,5,51.2
1897,6,91.7
1897,7,51.8
1897,8,121.3
1897,9,100.4
1897,10,58.9
1897,11,82.3
1897,12,137.9
1898,1,68.4
1898,2,89.1
1898,3,55.0
1898,4,79.8
1898,5,86.4
1898,6,64.6
1898,7,34.7
1898,8,104.4
1898,9,67.6
1898,10,119.0
1898,11,110.3
1898,12,142.8
1899,1,131.2
1899,2,76.2
1899,3,63.8
1899,4,99.1
1899,5,78.1
1899,6,48.0
1899,7,67.6
1899,8,41.1
1899,9,116.4
1899,10,90.2
1899,11,110.1
1899,12,96.6
1900,1,131.0
1900,2,113.7
1900,3,33.9
1900,4,62.9
1900,5,64.6
1900,6,85.4
1900,7,72.1
1900,8,120.2
1900,9,64.5
1900,10,125.2
1900,11,112.0
1900,12,163.2
1901,1,71.2
1901,2,52.2
1901,3,78.0
1901,4,77.2
1901,5,39.7
1901,6,69.2
1901,7,61.4
1901,8,89.6
1901,9,65.8
1901,10,96.1
1901,11,85.3
1901,12,139.8
1902,1,69.7
1902,2,44.4
1902,3,73.4
1902,4,55.2
1902,5,79.2
1902,6,65.4
1902,7,70.5
1902,8,87.1
1902,9,64.7
1902,10,84.9
1902,11,83.5
1902,12,104.2
1903,1,131.5
1903,2,108.4
1903,3,147.3
1903,4,59.6
1903,5,78.5
1903,6,67.0
1903,7,113.5
1903,8,146.0
1903,9,102.0
1903,10,220.0
1903,11,88.2
1903,12,82.1
1904,1,108.5
1904,2,109.7
1904,3,59.4
1904,4,85.2
1904,5,75.9
1904,6,46.3
1904,7,71.5
1904,8,105.8
1904,9,73.2
1904,10,58.8
1904,11,73.8
1904,12,95.9
1905,1,62.2
1905,2,65.0
1905,3,117.5
1905,4,76.2
1905,5,38.0
1905,6,65.8
1905,7,52.7
1905,8,118.6
1905,9,72.2
1905,10,83.7
1905,11,122.9
1905,12,57.7
1906,1,142.5
1906,2,87.9
1906,3,73.2
1906,4,44.7
1906,5,101.7
1906,6,51.0
1906,7,55.0
1906,8,94.4
1906,9,42.8
1906,10,153.4
1906,11,122.2
1906,12,98.8
1907,1,61.9
1907,2,71.0
1907,3,72.0
1907,4,78.1
1907,5,94.2
1907,6,111.9
1907,7,67.9
1907,8,101.8
1907,9,29.3
1907,10,146.5
1907,11,88.5
1907,12,120.0
1908,1,82.5
1908,2,78.4
1908,3,113.4
1908,4,70.0
1908,5,65.5
1908,6,53.3
1908,7,85.0
1908,8,96.9
1908,9,108.8
1908,10,52.7
1908,11,76.4
1908,12,95.9
1909,1,79.5
1909,2,44.3
1909,3,97.9
1909,4,80.3
1909,5,56.6
1909,6,72.8
1909,7,101.9
1909,8,78.5
1909,9,72.0
1909,10,160.3
1909,11,57.3
1909,12,135.2
1910,1,109.1
1910,2,122.6
1910,3,49.7
1910,4,93.3
1910,5,70.0
1910,6,68.4
1910,7,95.4
1910,8,138.7
1910,9,26.9
1910,10,87.2
1910,11,127.0
1910,12,140.2
1911,1,58.5
1911,2,98.1
1911,3,61.7
1911,4,68.9
1911,5,51.8
1911,6,77.6
1911,7,43.8
1911,8,68.8
1911,9,68.4
1911,10,90.8
1911,11,139.5
1911,12,183.5
1912,1,108.9
1912,2,78.2
1912,3,126.5
1912,4,34.9
1912,5,57.7
1912,6,123.5
1912,7,90.8
1912,8,166.8
1912,9,56.5
1912,10,113.7
1912,11,103.3
1912,12,157.5
1913,1,121.6
1913,2,56.7
1913,3,128.2
1913,4,102.1
1913,5,81.1
1913,6,63.5
1913,7,32.7
1913,8,43.9
1913,9,72.3
1913,10,101.0
1913,11,123.9
1913,12,84.7
1914,1,76.7
1914,2,113.6
1914,3,122.7
1914,4,52.9
1914,5,59.0
1914,6,52.1
1914,7,91.7
1914,8,80.3
1914,9,57.0
1914,10,62.1
1914,11,136.1
1914,12,196.9
1915,1,115.2
1915,2,138.7
1915,3,53.8
1915,4,63.6
1915,5,51.8
1915,6,35.6
1915,7,122.7
1915,8,80.2
1915,9,53.7
1915,10,73.2
1915,11,81.2
1915,12,179.9
1916,1,107.8
1916,2,134.4
1916,3,86.1
1916,4,69.5
1916,5,91.3
1916,6,72.3
1916,7,71.3
1916,8,89.8
1916,9,55.2
1916,10,168.1
1916,11,129.0
1916,12,105.0
1917,1,71.9
1917,2,33.9
1917,3,70.9
1917,4,62.0
1917,5,67.4
1917,6,71.0
1917,7,59.5
1917,8,166.6
1917,9,75.1
1917,10,164.3
1917,11,118.6
1917,12,60.4
1918,1,101.6
1918,2,103.4
1918,3,41.9
1918,4,49.3
1918,5,63.0
1918,6,43.0
1918,7,119.7
1918,8,83.7
1918,9,178.1
1918,10,105.1
1918,11,94.4
1918,12,130.2
1919,1,117.2
1919,2,58.6
1919,3,113.8
1919,4,80.7
1919,5,29.1
1919,6,64.4
1919,7,49.6
1919,8,90.3
1919,9,81.6
1919,10,69.6
1919,11,99.0
1919,12,161.3
1920,1,137.5
1920,2,93.7
1920,3,106.6
1920,4,106.8
1920,5,94.5
1920,6,57.5
1920,7,123.5
1920,8,70.5
1920,9,76.5
1920,10,74.8
1920,11,81.7
1920,12,104.3
1921,1,148.2
1921,2,24.1
1921,3,102.2
1921,4,38.0
1921,5,62.7
1921,6,18.4
1921,7,58.3
1921,8,107.9
1921,9,52.9
1921,10,81.2
1921,11,71.0
1921,12,126.7
1922,1,119.9
1922,2,110.3
1922,3,70.9
1922,4,85.6
1922,5,62.0
1922,6,51.8
1922,7,116.6
1922,8,98.3
1922,9,79.4
1922,10,46.5
1922,11,65.5
1922,12,125.7
1923,1,102.7
1923,2,151.8
1923,3,50.3
1923,4,77.6
1923,5,78.2
1923,6,36.0
1923,7,88.4
1923,8,128.0
1923,9,110.7
1923,10,156.5
1923,11,109.9
1923,12,113.5
1924,1,102.4
1924,2,39.6
1924,3,36.1
1924,4,75.6
1924,5,119.7
1924,6,71.5
1924,7,120.9
1924,8,113.3
1924,9,132.1
1924,10,118.8
1924,11,81.6
1924,12,151.8
1925,1,100.1
1925,2,134.0
1925,3,50.4
1925,4,93.4
1925,5,118.1
1925,6,14.2
1925,7,73.4
1925,8,86.0
1925,9,102.5
1925,10,111.3
1925,11,64.7
1925,12,109.0
1926,1,137.3
1926,2,93.2
1926,3,58.9
1926,4,69.1
1926,5,74.5
1926,6,78.1
1926,7,79.6
1926,8,86.3
1926,9,78.2
1926,10,113.8
1926,11,163.0
1926,12,50.8
1927,1,124.0
1927,2,74.0
1927,3,91.9
1927,4,81.5
1927,5,50.3
1927,6,106.6
1927,7,96.3
1927,8,132.2
1927,9,152.8
1927,10,108.5
1927,11,116.0
1927,12,63.9
1928,1,197.8
1928,2,101.8
1928,3,94.5
1928,4,47.4
1928,5,40.1
1928,6,110.0
1928,7,69.8
1928,8,110.6
1928,9,59.3
1928,10,157.6
1928,11,145.0
1928,12,104.8
1929,1,48.7
1929,2,37.4
1929,3,16.2
1929,4,40.1
1929,5,69.2
1929,6,61.0
1929,7,78.9
1929,8,107.5
1929,9,45.7
1929,10,148.2
1929,11,185.5
1929,12,209.2
1930,1,148.4
1930,2,24.9
1930,3,70.1
1930,4,66.4
1930,5,59.6
1930,6,53.0
1930,7,102.0
1930,8,140.6
1930,9,111.8
1930,10,136.3
1930,11,141.0
1930,12,113.2
1931,1,106.4
1931,2,99.6
1931,3,28.0
1931,4,86.8
1931,5,95.1
1931,6,111.0
1931,7,116.1
1931,8,98.0
1931,9,64.8
1931,10,63.4
1931,11,154.7
1931,12,82.3
1932,1,135.4
1932,2,9.6
1932,3,70.0
1932,4,99.7
1932,5,107.1
1932,6,35.5
1932,7,109.5
1932,8,58.0
1932,9,108.6
1932,10,167.8
1932,11,87.6
1932,12,98.6
1933,1,95.1
1933,2,104.1
1933,3,72.8
1933,4,53.7
1933,5,54.1
1933,6,61.4
1933,7,77.6
1933,8,58.0
1933,9,47.1
1933,10,116.4
1933,11,57.3
1933,12,33.5
1934,1,113.8
1934,2,23.1
1934,3,80.6
1934,4,96.0
1934,5,64.2
1934,6,48.9
1934,7,66.0
1934,8,103.9
1934,9,100.3
1934,10,130.2
1934,11,58.0
1934,12,177.0
1935,1,64.2
1935,2,121.0
1935,3,44.0
1935,4,98.8
1935,5,33.1
1935,6,101.5
1935,7,39.0
1935,8,73.5
1935,9,150.4
1935,10,171.0
1935,11,143.5
1935,12,93.6
1936,1,124.7
1936,2,73.4
1936,3,65.5
1936,4,47.3
1936,5,37.2
1936,6,79.9
1936,7,142.7
1936,8,53.4
1936,9,98.4
1936,10,94.2
1936,11,106.3
1936,12,130.8
1937,1,151.7
1937,2,135.2
1937,3,80.8
1937,4,69.1
1937,5,67.2
1937,6,56.4
1937,7,84.8
1937,8,61.6
1937,9,74.9
1937,10,82.9
1937,11,46.2
1937,12,90.6
1938,1,145.4
1938,2,58.6
1938,3,59.7
1938,4,14.4
1938,5,81.7
1938,6,94.3
1938,7,109.0
1938,8,84.0
1938,9,80.0
1938,10,171.6
1938,11,160.4
1938,12,117.8
1939,1,143.8
1939,2,94.7
1939,3,79.1
1939,4,66.2
1939,5,32.9
1939,6,63.5
1939,7,143.5
1939,8,68.2
1939,9,47.1
1939,10,103.5
1939,11,171.1
1939,12,70.7
1940,1,65.2
1940,2,69.6
1940,3,92.1
1940,4,71.5
1940,5,43.3
1940,6,27.8
1940,7,130.6
1940,8,40.0
1940,9,73.1
1940,10,122.6
1940,11,187.9
1940,12,106.1
1941,1,73.6
1941,2,105.1
1941,3,81.2
1941,4,48.6
1941,5,63.9
1941,6,31.0
1941,7,81.3
1941,8,131.8
1941,9,33.0
1941,10,107.5
1941,11,105.4
1941,12,74.4
1942,1,122.1
1942,2,45.4
1942,3,66.6
1942,4,49.6
1942,5,95.5
1942,6,31.6
1942,7,90.2
1942,8,108.8
1942,9,102.8
1942,10,126.4
1942,11,45.3
1942,12,135.5
1943,1,146.7
1943,2,83.2
1943,3,44.5
1943,4,65.7
1943,5,90.6
1943,6,77.5
1943,7,66.1
1943,8,115.8
1943,9,98.2
1943,10,127.3
1943,11,87.4
1943,12,64.2
1944,1,116.5
1944,2,52.5
1944,3,28.5
1944,4,64.2
1944,5,61.0
1944,6,82.8
1944,7,73.5
1944,8,81.3
1944,9,116.4
1944,10,132.1
1944,11,162.6
1944,12,105.2
1945,1,96.9
1945,2,110.6
1945,3,55.2
1945,4,51.1
1945,5,94.4
1945,6,95.1
1945,7,77.7
1945,8,70.9
1945,9,92.5
1945,10,115.5
1945,11,22.3
1945,12,115.3
1946,1,113.1
1946,2,97.1
1946,3,50.6
1946,4,49.4
1946,5,59.1
1946,6,94.3
1946,7,100.4
1946,8,131.9
1946,9,146.5
1946,10,31.4
1946,11,161.4
1946,12,112.2
1947,1,98.6
1947,2,43.4
1947,3,138.8
1947,4,117.6
1947,5,70.4
1947,6,80.1
1947,7,82.3
1947,8,9.9
1947,9,86.1
1947,10,40.2
1947,11,124.4
1947,12,81.9
1948,1,177.4
1948,2,76.3
1948,3,64.3
1948,4,67.6
1948,5,65.4
1948,6,106.6
1948,7,68.0
1948,8,136.7
1948,9,107.9
1948,10,106.8
1948,11,77.2
1948,12,138.8
1949,1,89.8
1949,2,77.4
1949,3,56.6
1949,4,91.1
1949,5,67.5
1949,6,27.8
1949,7,57.4
1949,8,83.9
1949,9,57.8
1949,10,153.7
1949,11,124.2
1949,12,143.7
1950,1,65.5
1950,2,137.4
1950,3,62.3
1950,4,95.0
1950,5,49.6
1950,6,62.1
1950,7,114.2
1950,8,132.2
1950,9,178.5
1950,10,78.3
1950,11,136.0
1950,12,77.0
1951,1,112.6
1951,2,108.6
1951,3,104.5
1951,4,87.4
1951,5,64.8
1951,6,44.3
1951,7,72.0
1951,8,134.0
1951,9,86.1
1951,10,40.5
1951,11,191.7
1951,12,138.9
1952,1,105.5
1952,2,40.9
1952,3,81.0
1952,4,60.0
1952,5,65.4
1952,6,69.9
1952,7,51.4
1952,8,114.3
1952,9,91.3
1952,10,120.4
1952,11,93.3
1952,12,107.5
1953,1,52.2
1953,2,60.4
1953,3,34.1
1953,4,80.1
1953,5,68.1
1953,6,61.8
1953,7,117.9
1953,8,93.8
1953,9,102.9
1953,10,77.8
1953,11,117.4
1953,12,72.9
1954,1,85.8
1954,2,92.3
1954,3,84.7
1954,4,28.9
1954,5,93.0
1954,6,94.2
1954,7,96.7
1954,8,117.3
1954,9,118.9
1954,10,166.7
1954,11,180.6
1954,12,138.5
1955,1,85.7
1955,2,73.0
1955,3,52.2
1955,4,49.2
1955,5,97.8
1955,6,82.1
1955,7,29.3
1955,8,30.7
1955,9,79.4
1955,10,95.0
1955,11,64.0
1955,12,143.6
1956,1,117.5
1956,2,41.5
1956,3,44.9
1956,4,45.8
1956,5,44.5
1956,6,76.0
1956,7,119.7
1956,8,158.5
1956,9,102.3
1956,10,80.1
1956,11,57.4
1956,12,137.1
1957,1,118.1
1957,2,97.2
1957,3,89.9
1957,4,27.5
1957,5,51.4
1957,6,56.9
1957,7,120.8
1957,8,121.9
1957,9,119.9
1957,10,103.0
1957,11,65.3
1957,12,117.3
1958,1,112.4
1958,2,114.4
1958,3,50.6
1958,4,43.5
1958,5,93.8
1958,6,98.9
1958,7,103.5
1958,8,108.0
1958,9,117.2
1958,10,101.4
1958,11,54.2
1958,12,117.0
1959,1,100.7
1959,2,26.2
1959,3,74.6
1959,4,90.9
1959,5,33.3
1959,6,62.0
1959,7,91.8
1959,8,44.6
1959,9,23.3
1959,10,117.6
1959,11,143.8
1959,12,177.9
1960,1,123.4
1960,2,98.1
1960,3,50.4
1960,4,72.2
1960,5,48.5
1960,6,60.7
1960,7,111.5
1960,8,116.4
1960,9,100.8
1960,10,147.5
1960,11,149.2
1960,12,125.9
1961,1,118.1
1961,2,95.4
1961,3,43.3
1961,4,99.9
1961,5,47.0
1961,6,52.4
1961,7,84.8
1961,8,109.1
1961,9,104.1
1961,10,144.9
1961,11,80.7
1961,12,102.3
1962,1,151.5
1962,2,71.6
1962,3,50.9
1962,4,71.7
1962,5,74.3
1962,6,42.9
1962,7,64.9
1962,8,142.7
1962,9,123.0
1962,10,54.3
1962,11,78.5
1962,12,104.5
1963,1,32.6
1963,2,34.3
1963,3,120.7
1963,4,82.5
1963,5,76.9
1963,6,87.5
1963,7,64.0
1963,8,113.4
1963,9,88.8
1963,10,92.1
1963,11,168.6
1963,12,39.6
1964,1,43.8
1964,2,38.0
1964,3,80.9
1964,4,77.9
1964,5,75.0
1964,6,77.7
1964,7,68.9
1964,8,87.5
1964,9,74.4
1964,10,79.7
1964,11,86.7
1964,12,128.3
1965,1,122.7
1965,2,24.7
1965,3,76.6
1965,4,80.8
1965,5,70.8
1965,6,89.6
1965,7,101.5
1965,8,90.0
1965,9,141.7
1965,10,70.9
1965,11,106.6
1965,12,163.2
1966,1,64.9
1966,2,126.1
1966,3,75.3
1966,4,91.3
1966,5,86.3
1966,6,104.8
1966,7,73.0
1966,8,100.3
1966,9,74.9
1966,10,124.9
1966,11,106.8
1966,12,159.1
1967,1,83.5
1967,2,109.1
1967,3,106.6
1967,4,56.1
1967,5,131.8
1967,6,50.8
1967,7,78.9
1967,8,83.9
1967,9,116.5
1967,10,196.8
1967,11,92.9
1967,12,97.5
1968,1,104.4
1968,2,53.7
1968,3,92.8
1968,4,67.2
1968,5,84.2
1968,6,79.2
1968,7,97.9
1968,8,67.8
1968,9,135.4
1968,10,132.2
1968,11,75.8
1968,12,81.2
1969,1,111.6
1969,2,72.2
1969,3,59.7
1969,4,64.4
1969,5,108.4
1969,6,67.2
1969,7,70.6
1969,8,76.8
1969,9,70.1
1969,10,59.0
1969,11,144.1
1969,12,98.2
1970,1,108.7
1970,2,107.2
1970,3,78.0
1970,4,92.8
1970,5,41.7
1970,6,53.6
1970,7,98.5
1970,8,94.7
1970,9,97.1
1970,10,111.1
1970,11,174.1
1970,12,63.0
1971,1,113.4
1971,2,59.1
1971,3,75.8
1971,4,54.8
1971,5,58.0
1971,6,89.1
1971,7,57.4
1971,8,106.4
1971,9,37.0
1971,10,102.7
1971,11,113.6
1971,12,68.4
1972,1,116.7
1972,2,81.4
1972,3,77.8
1972,4,89.0
1972,5,89.5
1972,6,92.5
1972,7,57.8
1972,8,52.9
1972,9,36.2
1972,10,48.1
1972,11,126.3
1972,12,118.3
1973,1,69.8
1973,2,68.9
1973,3,42.7
1973,4,72.2
1973,5,85.6
1973,6,68.3
1973,7,86.5
1973,8,83.0
1973,9,86.6
1973,10,62.2
1973,11,96.8
1973,12,106.5
1974,1,172.5
1974,2,112.2
1974,3,53.1
1974,4,14.6
1974,5,55.5
1974,6,64.8
1974,7,87.8
1974,8,93.0
1974,9,145.1
1974,10,95.1
1974,11,148.1
1974,12,139.1
1975,1,168.7
1975,2,36.5
1975,3,70.5
1975,4,80.8
1975,5,41.8
1975,6,35.7
1975,7,80.1
1975,8,61.7
1975,9,128.6
1975,10,53.5
1975,11,95.7
1975,12,67.9
1976,1,111.3
1976,2,61.9
1976,3,77.4
1976,4,35.8
1976,5,84.5
1976,6,38.7
1976,7,44.4
1976,8,24.2
1976,9,141.7
1976,10,163.4
1976,11,98.4
1976,12,92.6
1977,1,103.4
1977,2,132.4
1977,3,94.5
1977,4,80.4
1977,5,56.1
1977,6,77.1
1977,7,38.9
1977,8,97.0
1977,9,80.7
1977,10,107.0
1977,11,142.3
1977,12,93.7
1978,1,126.9
1978,2,85.0
1978,3,114.3
1978,4,47.9
1978,5,38.7
1978,6,62.0
1978,7,84.9
1978,8,77.1
1978,9,102.3
1978,10,52.4
1978,11,113.6
1978,12,157.4
1979,1,94.5
1979,2,53.6
1979,3,144.0
1979,4,75.8
1979,5,107.3
1979,6,51.1
1979,7,57.3
1979,8,107.2
1979,9,73.4
1979,10,101.5
1979,11,136.0
1979,12,170.3
1980,1,90.7
1980,2,93.8
1980,3,102.7
1980,4,18.4
1980,5,28.4
1980,6,125.4
1980,7,84.4
1980,8,103.7
1980,9,109.3
1980,10,148.4
1980,11,119.5
1980,12,130.8
1981,1,97.8
1981,2,69.6
1981,3,153.9
1981,4,49.2
1981,5,89.4
1981,6,66.7
1981,7,66.5
1981,8,45.9
1981,9,172.5
1981,10,157.2
1981,11,125.7
1981,12,87.5
1982,1,102.1
1982,2,73.2
1982,3,120.4
1982,4,31.0
1982,5,60.7
1982,6,99.0
1982,7,39.7
1982,8,110.3
1982,9,119.8
1982,10,141.0
1982,11,161.5
1982,12,140.8
1983,1,149.9
1983,2,46.7
1983,3,98.8
1983,4,89.9
1983,5,105.5
1983,6,51.0
1983,7,38.3
1983,8,38.6
1983,9,123.2
1983,10,140.6
1983,11,51.1
1983,12,151.5
1984,1,170.1
1984,2,77.5
1984,3,73.9
1984,4,28.4
1984,5,45.4
1984,6,51.8
1984,7,36.7
1984,8,56.5
1984,9,131.6
1984,10,137.3
1984,11,171.3
1984,12,109.8
1985,1,76.4
1985,2,35.2
1985,3,77.3
1985,4,84.7
1985,5,68.8
1985,6,90.6
1985,7,105.7
1985,8,158.4
1985,9,100.2
1985,10,59.3
1985,11,98.7
1985,12,147.1
1986,1,146.3
1986,2,17.2
1986,3,110.6
1986,4,84.7
1986,5,118.5
1986,6,49.2
1986,7,66.6
1986,8,120.5
1986,9,35.4
1986,10,118.1
1986,11,158.2
1986,12,187.9
1987,1,45.0
1987,2,68.7
1987,3,112.4
1987,4,64.9
1987,5,55.0
1987,6,103.4
1987,7,85.6
1987,8,87.2
1987,9,93.7
1987,10,164.1
1987,11,91.2
1987,12,89.9
1988,1,169.9
1988,2,90.3
1988,3,126.7
1988,4,52.8
1988,5,58.5
1988,6,37.0
1988,7,150.6
1988,8,117.0
1988,9,93.2
1988,10,118.6
1988,11,65.2
1988,12,81.2
1989,1,97.4
1989,2,137.8
1989,3,124.5
1989,4,79.1
1989,5,32.0
1989,6,62.8
1989,7,42.0
1989,8,102.7
1989,9,58.9
1989,10,128.4
1989,11,60.5
1989,12,119.0
1990,1,169.8
1990,2,193.4
1990,3,94.8
1990,4,60.1
1990,5,35.6
1990,6,93.8
1990,7,49.4
1990,8,72.8
1990,9,82.2
1990,10,142.6
1990,11,78.9
1990,12,130.2
1991,1,111.4
1991,2,70.4
1991,3,94.1
1991,4,90.9
1991,5,22.6
1991,6,103.5
1991,7,76.5
1991,8,43.2
1991,9,84.0
1991,10,107.2
1991,11,138.3
1991,12,82.5
1992,1,78.9
1992,2,89.6
1992,3,127.9
1992,4,91.1
1992,5,58.9
1992,6,39.2
1992,7,86.7
1992,8,162.9
1992,9,118.1
1992,10,95.9
1992,11,161.2
1992,12,107.0
1993,1,175.4
1993,2,33.1
1993,3,58.9
1993,4,102.6
1993,5,98.6
1993,6,68.4
1993,7,94.5
1993,8,62.1
1993,9,99.7
1993,10,94.0
1993,11,73.5
1993,12,188.7
1994,1,154.0
1994,2,88.6
1994,3,146.3
1994,4,94.5
1994,5,49.6
1994,6,62.8
1994,7,54.3
1994,8,82.7
1994,9,103.1
1994,10,98.4
1994,11,108.0
1994,12,174.2
1995,1,181.0
1995,2,143.0
1995,3,94.1
1995,4,40.6
1995,5,59.7
1995,6,29.7
1995,7,57.9
1995,8,18.4
1995,9,135.5
1995,10,117.2
1995,11,99.8
1995,12,73.4
1996,1,74.7
1996,2,101.7
1996,3,48.7
1996,4,72.9
1996,5,65.6
1996,6,42.2
1996,7,55.2
1996,8,78.5
1996,9,44.4
1996,10,136.7
1996,11,147.6
1996,12,66.9
1997,1,29.0
1997,2,168.3
1997,3,66.9
1997,4,43.1
1997,5,87.4
1997,6,116.0
1997,7,63.9
1997,8,83.9
1997,9,61.8
1997,10,72.4
1997,11,123.3
1997,12,133.1
1998,1,134.2
1998,2,81.8
1998,3,105.1
1998,4,121.1
1998,5,41.3
1998,6,121.8
1998,7,93.1
1998,8,79.0
1998,9,92.6
1998,10,187.7
1998,11,118.4
1998,12,122.6
1999,1,164.9
1999,2,83.1
1999,3,88.7
1999,4,88.6
1999,5,75.9
1999,6,93.8
1999,7,46.1
1999,8,91.9
1999,9,140.2
1999,10,93.4
1999,11,109.5
1999,12,195.5
2000,1,101.9
2000,2,131.7
2000,3,67.7
2000,4,123.9
2000,5,77.7
2000,6,58.3
2000,7,59.7
2000,8,85.5
2000,9,133.7
2000,10,199.6
2000,11,176.3
2000,12,156.8
2001,1,79.0
2001,2,97.0
2001,3,85.6
2001,4,89.6
2001,5,43.3
2001,6,58.0
2001,7,81.7
2001,8,96.9
2001,9,88.9
2001,10,165.3
2001,11,95.0
2001,12,69.7
2002,1,134.3
2002,2,175.3
2002,3,75.5
2002,4,68.0
2002,5,101.6
2002,6,86.8
2002,7,98.5
2002,8,73.8
2002,9,40.6
2002,10,153.8
2002,11,163.1
2002,12,109.2
2003,1,113.9
2003,2,48.3
2003,3,53.7
2003,4,50.4
2003,5,98.0
2003,6,71.2
2003,7,78.3
2003,8,26.7
2003,9,53.8
2003,10,63.9
2003,11,120.6
2003,12,121.9
2004,1,150.1
2004,2,74.4
2004,3,70.1
2004,4,92.8
2004,5,51.0
2004,6,84.8
2004,7,70.2
2004,8,159.7
2004,9,103.1
2004,10,165.4
2004,11,75.2
2004,12,110.6
2005,1,126.7
2005,2,69.9
2005,3,72.7
2005,4,90.9
2005,5,72.7
2005,6,71.7
2005,7,59.4
2005,8,85.5
2005,9,91.9
2005,10,141.7
2005,11,115.9
2005,12,80.6
2006,1,59.3
2006,2,65.0
2006,3,110.1
2006,4,67.5
2006,5,112.6
2006,6,42.0
2006,7,53.1
2006,8,92.0
2006,9,102.5
2006,10,142.0
2006,11,153.1
2006,12,172.5
2007,1,152.3
2007,2,110.0
2007,3,87.4
2007,4,26.4
2007,5,114.1
2007,6,136.1
2007,7,134.6
2007,8,85.8
2007,9,67.0
2007,10,64.5
2007,11,100.4
2007,12,114.0
2008,1,189.3
2008,2,81.8
2008,3,122.6
2008,4,76.2
2008,5,47.7
2008,6,78.7
2008,7,108.1
2008,8,135.0
2008,9,105.6
2008,10,154.4
2008,11,105.8
2008,12,87.5
2009,1,119.4
2009,2,59.8
2009,3,78.9
2009,4,60.0
2009,5,81.7
2009,6,61.9
2009,7,145.5
2009,8,114.5
2009,9,63.8
2009,10,107.4
2009,11,214.8
2009,12,100.3
2010,1,79.6
2010,2,74.7
2010,3,78.7
2010,4,47.5
2010,5,38.9
2010,6,38.4
2010,7,107.0
2010,8,97.5
2010,9,113.3
2010,10,100.5
2010,11,122.7
2010,12,47.1
2011,1,102.2
2011,2,113.8
2011,3,49.5
2011,4,35.7
2011,5,100.7
2011,6,84.7
2011,7,75.7
2011,8,105.4
2011,9,107.4
2011,10,122.0
2011,11,99.0
2011,12,166.7
2012,1,110.2
2012,2,59.4
2012,3,36.7
2012,4,128.2
2012,5,65.6
2012,6,149.0
2012,7,118.5
2012,8,111.3
2012,9,111.8
2012,10,125.6
2012,11,135.1
2012,12,178.3
2013,1,109.7
2013,2,59.6
2013,3,64.4
2013,4,62.9
2013,5,91.8
2013,6,48.5
2013,7,65.2
2013,8,72.2
2013,9,71.0
2013,10,162.6
2013,11,90.4
2013,12,185.6
2014,1,186.7
2014,2,167.6
2014,3,79.7
2014,4,67.5
2014,5,99.3
2014,6,54.7
2014,7,64.0
2014,8,138.0
2014,9,22.6
2014,10,157.1
2014,11,123.3
2014,12,131.3
2015,1,153.6
2015,2,79.9
2015,3,94.9
2015,4,45.5
2015,5,109.7
2015,6,56.0
2015,7,107.6
2015,8,104.8
2015,9,51.9
2015,10,72.0
2015,11,171.9
2015,12,216.3
2016,1,178.4
2016,2,110.1
2016,3,83.8
2016,4,77.4
2016,5,61.5
2016,6,96.0
2016,7,78.5
2016,8,85.2
2016,9,96.3
2016,10,47.0
2016,11,104.9
2016,12,77.2
2017,1,76.0
2017,2,93.4
2017,3,97.8
2017,4,33.2
2017,5,57.2
2017,6,110.4
2017,7,101.2
2017,8,102.3
2017,9,117.2
2017,10,101.4
2017,11,107.6
2017,12,120.8
2018,1,132.4
2018,2,68.6
2018,3,103.9
2018,4,83.7
2018,5,47.7
2018,6,34.6
2018,7,54.2
2018,8,83.1
2018,9,101.5
2018,10,104.2
2018,11,121.6
2018,12,117.6
2019,1,64.6
2019,2,71.1
2019,3,128.9
2019,4,48.5
2019,5,63.6
2019,6,109.0
2019,7,89.0
2019,8,132.7
2019,9,126.1
2019,10,139.7
2019,11,119.1
2019,12,139.8
2020,1,121.2
2020,2,213.7
2020,3,78.6
2020,4,30.0
2020,5,32.8
2020,6,107.5
2020,7,95.8
2020,8,122.2
2020,9,77.3
2020,10,182.8
2020,11,104.8
2020,12,166.9
2021,1,140.0
2021,2,105.5
2021,3,87.1
2021,4,20.6
2021,5,120.8
2021,6,44.8
2021,7,74.6
2021,8,66.7
2021,9,82.5
2021,10,167.9
2021,11,80.9
2021,12,114.5
2022,1,63.1
2022,2,152.3
2022,3,50.5
2022,4,49.5
2022,5,76.9
2022,6,61.8
2022,7,48.2
2022,8,51.6
2022,9,104.6
2022,10,146.9
2022,11,167.6
2022,12,117.8
2023,1,129.0
2023,2,45.1
2023,3,133.9
2023,4,73.4
2023,5,39.7
2023,6,54.7
2023,7,141.9
2023,8,89.4
2023,9,121.4
2023,10,177.7
2023,11,121.5
2023,12,194.5
2024,1,123.3
2024,2,144.0
2024,3,108.0
2024,4,109.5
2024,5,83.4
2024,6,55.2
2024,7,84.7
2024,8,104.3
2024,9,116.8
2024,10,105.7
2024,11,88.1
2024,12,146.0
2025,1,98.6
2025,2,72.5
2025,3,36.6
2025,4,40.3
2025,5,50.7
2025,6,81.9
2025,7,74.0
2025,8,59.1
2025,9,120.9
2025,10,123.9
2025,11,164.6
2025,12,138.4
